candidato_id;bairro;CD_SETOR;score_preliminar;dist_rede_mais_perto;domicilios_ocupados;renda_media_responsavel;zoneamento_verificado;domicilios_anel5;pct_apartamento_anel5;renda_media_anel5;domicilios_anel10;pct_apartamento_anel10;renda_media_anel10;domicilios_anel15;pct_apartamento_anel15;renda_media_anel15;domicilios_efetivo;pct_apartamento_efetivo;renda_media_efetivo;status_isocrona;domicilios_captacao_efetivo;pct_apartamento_captacao_efetivo;renda_media_captacao_efetivo;potencial_mensal;forca_concorrencia;n_concorrentes_15min;n_sem_avaliacao_15min;n_clinicas_sem_loja;saturacao;demanda_capturada;aluguel_estimado_regiao;aluguel_e_estimado;aluguel_disponivel;custo_fixo_mensal;sacos_breakeven;teste_absoluto_passou;teste_absoluto_motivo;acesso_score;oferta_imovel_score;oferta_imovel_disponivel;score_final;duplicata_geografica;excedente_cap_bairro;n_imoveis_no_teto;reais_m2_medio;aluguel_mediano_bairro;publico_estimado_meta;volume_busca_mensal;pedestres_15min_medio;carros_15min_medio;custo_por_conversa;marcas_bloqueadas_no_bairro
C0089;Presidente Roosevelt;317020605000112;17485.0;3385.053958673153;146.0;2450.63;False;46606.10977234882;0.27364060025887876;3815.1364603181632;107674.01817270412;0.32489296684151325;4224.022463870781;75075.19893208839;0.23069943820203823;3610.6074407296733;91799.53602600409;0.2911691230495538;3966.2672237106062;completo;73524.61431552484;0.29240488859342983;3964.835984031927;5420197.000590717;15105.008376231946;277;34;72;358.83442534990667;91348.80795430866;4000.0;True;False;5500.0;157.14285714285714;True;passou;1.15;0.0;False;0.8726800657238015;False;False;;;;;;;;;
C0074;Chácaras Tubalina e Quartel;317020605001390;17540.0;3753.953142047545;127.0;2784.12;False;46582.60195624639;0.3166997971203519;3098.155695499442;75471.18970680368;0.30049602914532114;4570.186798333979;86576.97171229549;0.27690126556934225;3829.9954285735785;81655.21552485722;0.30723824827199847;3651.9430440709857;completo;65450.39938294731;0.3120286352239464;3522.507340652604;4858877.687444658;11537.253680033122;249;31;66;421.14681900889855;103229.66602232674;4000.0;True;False;5500.0;157.14285714285714;True;passou;1.15;0.0;False;0.8225565352190636;False;False;;;;;;;;;
C0233;Santa Mônica;317020605000694;16840.0;1779.9407765905773;174.0;5492.78;False;45174.77444462804;0.4811192819020642;5510.0877956385675;100156.72498604341;0.2421616472683836;3888.3290644397175;104363.05822033911;0.2055733894997674;2964.2108935722085;90665.93401177715;0.3570119613618452;4590.00611362093;completo;70213.9556911389;0.3959039786915466;4931.748199059988;5367987.864244925;16982.616490170534;291;36;72;316.08720996272234;81679.03908128935;4000.0;True;False;5500.0;157.14285714285714;True;passou;1.0;0.0;False;0.7175246703915387;False;False;;;;;;;;;
C0295;Presidente Roosevelt;317020605000096;16613.0;2782.1724480933135;143.0;4019.95;False;43240.21542114342;0.24821527099702734;3552.4500864118627;95058.7453858304;0.33026596874836256;4337.524782303151;92886.29074203041;0.25272176204241265;3642.5299819265347;85799.4053803871;0.2805200619994164;3866.6316834278787;completo;67004.90176760103;0.27731626279209803;3830.893206455631;4912876.408860956;15221.079029551878;271;35;70;322.76794564449455;82435.84534535954;4000.0;True;False;5500.0;157.14285714285714;True;passou;1.15;0.0;False;0.7035222263084334;False;False;;;;;;;;;
C0284;Santa Mônica;317020605002038;16642.0;2531.974682167289;76.0;8050.37;False;43036.42905848598;0.4021213886795916;4911.309906453852;87057.09515364197;0.27408933162280447;4132.736386552654;104874.0001279696;0.23154032269961497;3264.3211865264193;83993.81237505763;0.33437727332736045;4423.229290568295;completo;64800.70284689647;0.3591199300370675;4649.814482683959;4891206.698135246;15201.125741202775;281;33;72;321.7660837366531;78780.69311379458;4000.0;True;False;5500.0;157.14285714285714;True;passou;1.15;0.0;False;0.6939300657238016;False;False;;;;;;;;;
C0291;Centro;317020605000007;16631.0;1709.9872883930263;143.0;4780.52;False;51073.5154525571;0.47300980709646306;5210.35510795602;125590.94943393677;0.2646382167310391;3847.8798587621973;78284.47574287417;0.1293001563677921;2658.2136161786493;102858.7953287224;0.35780266318812337;4433.859508726382;completo;82471.25281104128;0.39368038933857813;4691.645393073458;6300239.799308249;21286.67347742373;300;36;74;295.9710828462781;46035.90464647875;4000.0;True;False;5500.0;157.14285714285714;True;passou;1.0;0.0;False;0.6824381327207484;False;False;;;;;;;;;
C0064;Luizote de Freitas;317020605000392;17689.0;4476.848880290762;150.0;2346.11;False;34412.11483967735;0.3180807845260649;2758.753004693374;78054.22911263863;0.2872924640028743;4015.6614254441124;73544.55816022101;0.2930248613899484;4470.857885851162;69085.55084512297;0.30323863322916655;3438.042022052243;completo;53925.672117837006;0.3069397151164006;3213.578202015449;3996065.323322208;9919.34784091786;230;29;62;402.8556501303661;112296.9731861916;4000.0;True;False;5500.0;157.14285714285714;True;passou;1.15;0.0;False;0.5928902869396537;False;False;;;;;;;;;
C0066;Chácaras Tubalina e Quartel;317020605001397;17682.0;3497.7120617228356;258.0;2627.31;False;37635.58233159954;0.32028731308018954;2897.310992453751;73528.11874300652;0.286271165205161;4343.446644143036;79891.70661210132;0.305271254070518;4136.040389886069;71359.59455286195;0.3063387187759312;3557.523437954844;completo;56017.612017351166;0.309125005057491;3371.8565419988176;4154316.5305369245;12243.379913665814;237;30;63;339.3112490040401;108264.37741508472;4000.0;True;False;5500.0;157.14285714285714;True;passou;1.15;0.0;False;0.48378183932080426;False;False;;;;;;;;;
C0202;São Jorge;317020605001443;16931.0;5529.740171657885;139.0;2709.61;False;27990.954511184682;0.13311330683281195;3073.4838169619516;46636.30233961996;0.5049872097985642;6210.060948902008;93091.99108984279;0.25319355903178986;3495.3765394180177;53622.85943903594;0.2671576187511847;4101.495186282713;completo;39650.03009608967;0.24246268014284433;3995.7930755059992;2870702.414053756;9745.643685651952;218;27;54;294.56262784162266;94320.3223289162;4000.0;True;False;5500.0;157.14285714285714;True;passou;1.15;0.0;False;0.35186974445997393;False;False;;;;;;;;;
